{"cameraMode":{"drawMode":0,"name":"Shaded","section":"Shading Mode"},"sceneLighting":false,"audioPlay":false,"sceneViewState":{"m_AlwaysRefresh":false,"showFog":true,"showSkybox":false,"showFlares":true,"showImageEffects":true,"showParticleSystems":true,"showVisualEffectGraphs":true,"m_FxEnabled":true},"in2DMode":false,"pivot":{"x":-172.03250122070313,"y":2.3366918563842775,"z":-109.64033508300781},"rotation":{"x":0.0883309468626976,"y":-0.6721246838569641,"z":0.08125736564397812,"w":0.7306662201881409},"size":1.1343762874603272,"orthographic":false}