{"cameraMode":{"drawMode":0,"name":"Shaded","section":"Shading Mode"},"sceneLighting":false,"audioPlay":false,"sceneViewState":{"m_AlwaysRefresh":false,"showFog":true,"showSkybox":false,"showFlares":true,"showImageEffects":true,"showParticleSystems":true,"showVisualEffectGraphs":true,"m_FxEnabled":true},"in2DMode":false,"pivot":{"x":-171.77999877929688,"y":5.5562849044799809,"z":-138.10000610351563},"rotation":{"x":0.34538745880126955,"y":-0.07468429207801819,"z":0.027560504153370858,"w":0.9351101517677307},"size":6.333269119262695,"orthographic":false}