{"cameraMode":{"drawMode":0,"name":"Shaded","section":"Shading Mode"},"sceneLighting":false,"audioPlay":false,"sceneViewState":{"m_AlwaysRefresh":false,"showFog":true,"showSkybox":false,"showFlares":true,"showImageEffects":true,"showParticleSystems":true,"showVisualEffectGraphs":true,"m_FxEnabled":true},"in2DMode":false,"pivot":{"x":-121.75962829589844,"y":9.70506477355957,"z":-138.47781372070313},"rotation":{"x":0.0018578277667984367,"y":-0.9223785400390625,"z":0.004436407703906298,"w":0.386292964220047},"size":48.40998840332031,"orthographic":false}