{"cameraMode":{"drawMode":0,"name":"Shaded","section":"Shading Mode"},"sceneLighting":false,"audioPlay":false,"sceneViewState":{"m_AlwaysRefresh":false,"showFog":true,"showSkybox":false,"showFlares":true,"showImageEffects":true,"showParticleSystems":true,"showVisualEffectGraphs":true,"m_FxEnabled":true},"in2DMode":false,"pivot":{"x":-0.6914286613464356,"y":6.428854465484619,"z":0.31576231122016909},"rotation":{"x":0.17342521250247956,"y":-0.007570972666144371,"z":0.0013346803607419134,"w":0.9848297238349915},"size":2.7066054344177248,"orthographic":false}