{"cameraMode":{"drawMode":0,"name":"Shaded","section":"Shading Mode"},"sceneLighting":false,"audioPlay":false,"sceneViewState":{"m_AlwaysRefresh":false,"showFog":true,"showSkybox":false,"showFlares":true,"showImageEffects":true,"showParticleSystems":true,"showVisualEffectGraphs":true,"m_FxEnabled":true},"in2DMode":false,"pivot":{"x":-60.41074752807617,"y":13.515329360961914,"z":-147.74765014648438},"rotation":{"x":0.12847089767456056,"y":-0.6864026784896851,"z":0.12512731552124024,"w":0.7047821879386902},"size":46.326072692871097,"orthographic":false}